<?xml version="1.0" encoding="UTF-8"?>
<project-private xmlns="http://www.netbeans.org/ns/project-private/1">
    <editor-bookmarks xmlns="http://www.netbeans.org/ns/editor-bookmarks/2" lastBookmarkId="0"/>
    <open-files xmlns="http://www.netbeans.org/ns/projectui-open-files/2">
        <group>
            <file>file:/Users/tojep/NetBeansProjects/Prototype/src/prototype/FormMenuTbl.java</file>
            <file>file:/Users/tojep/NetBeansProjects/Prototype/src/prototype/TabelMhs.java</file>
            <file>file:/Users/tojep/NetBeansProjects/Prototype/src/prototype/FormMenu.java</file>
            <file>file:/Users/tojep/NetBeansProjects/Prototype/src/prototype/FormLogin.java</file>
            <file>file:/Users/tojep/NetBeansProjects/Prototype/src/prototype/FormMhs.java</file>
        </group>
    </open-files>
</project-private>
